CustomerID,Name,OrderID,Total,MenuName,Course,Starter
1,"James Pascual",5,95.75,Menu3,"Eggplant Parmesan","French Bread"
2,"April Vega",2,175.50,Menu4,"Shrimp Scampi","Tomato Bisque"
3,"Adam Appleseed",4,200.00,Menu5,"Chicken Alfredo","Vegetable Soup"
4,"John Nash",1,120.00,Menu2,"Shrimp Alfredo","Garlic Bread"
5,"Sarah Southerland",6,130.25,Menu6,"Fried Calamari",Olives
6,"Jerry Pine",3,110.00,Menu1,Lasagna,Salad
7,"Samantha Yorke",8,105.00,Menu7,Ravioli,"Baked Potato"
8,"Joe Reese",7,165.50,Menu10,"Beef Stroganoff",Fondue
